,id,player_name,games,time,goals_5wks,xG_5wks,assists_5wks,xA_5wks,shots_5wks,key_passes_5wks,yellow_cards,red_cards,position,team_title,npg_5wks,npxG_5wks,xGChain,xGBuildup
0,620,Kelechi Iheanacho,5,411,5,3.1224523186683655,0,1.2686863765120506,15,6,0,0,FWD,Leicester,5,3.1224523186683655,4.22399839386344,0.09801202639937401
1,647,Harry Kane,5,442,5,4.76753705739975,2,0.9554290641099215,22,4,0,0,FWD,Tottenham,4,4.006368190050125,4.6657509580254555,0.1594403237104416
2,558,Jesse Lingard,5,449,4,2.741443432867527,3,1.4319334365427494,12,6,2,0,MID,West Ham,4,1.9802746549248695,3.0221921876072884,0.7912416644394398
3,2251,Gareth Bale,5,273,4,1.6956773176789284,1,0.5110611133277416,8,5,1,0,MID,Tottenham,4,1.6956773176789284,2.937510348856449,1.337851457297802
4,5543,Gabriel Jesus,5,431,4,3.5274744257330894,0,0.766997255384922,13,8,0,0,FWD,Manchester City,4,3.5274744257330894,4.876160368323326,0.78020428866148
5,750,Riyad Mahrez,5,414,3,1.7163442075252533,1,0.5190146509557962,15,8,0,0,FWD,Manchester City,3,1.7163442075252533,4.356318458914757,2.4919892325997353
6,1017,Matej Vydra,5,430,3,2.084147360175848,1,0.5993362125009298,12,6,0,0,FWD,Burnley,3,2.084147360175848,2.7857871651649475,0.5857623517513275
7,2662,Christian Pulisic,5,234,3,1.9192616641521454,0,0.7360923867672682,7,7,0,0,MID,Chelsea,3,1.9192616641521454,3.313084676861763,1.2141611948609352
8,3277,Alexandre Lacazette,5,384,3,2.835482120513916,0,0.16521266102790833,10,2,1,0,FWD,Arsenal,1,1.3131443858146667,1.9171915110200644,0.43883448652923107
9,4456,Chris Wood,5,450,3,2.846287466585636,2,0.674317579716444,17,3,0,0,FWD,Burnley,2,2.085118569433689,3.011450916528702,0.25201475620269775
10,6854,Diogo Jota,5,317,3,1.1823970414698124,0,0.11733008548617363,10,3,2,0,FWD,Liverpool,3,1.1823970414698124,1.918713502585888,0.8711420614272356
11,7700,Che Adams,5,338,3,1.8670507669448853,0,0.1941651999950409,7,4,0,0,FWD,Southampton,3,1.8670507669448853,1.5138717293739319,0.07658839970827103
12,101,Allan Saint-Maximin,5,265,2,0.39434564858675003,1,1.092920952476561,8,9,0,0,FWD,Newcastle United,2,0.39434564858675003,1.945151686668396,0.6363655533641577
13,447,Kevin De Bruyne,5,434,2,1.7874631769955158,1,1.7280221823602915,15,15,0,0,MID,Manchester City,2,1.7874631769955158,4.52204093337059,2.0970311909914017
14,468,Callum Wilson,5,335,2,2.165626171976328,2,0.4973323196172714,12,2,0,0,FWD,Newcastle United,2,2.165626171976328,2.5283967666327953,0.18283410742878914
15,501,Danny Welbeck,5,294,2,2.1503862906247377,1,0.7630195468664169,4,4,0,0,FWD,Brighton,2,1.389254229143262,2.6865991167724133,0.5845358334481716
16,553,Anthony Martial,5,280,2,2.6126281544566154,0,0.10326452739536762,9,2,0,0,FWD,Manchester United,2,2.6126281544566154,2.9003437161445618,0.18445119261741638
17,586,John Stones,5,450,2,0.8573772981762886,0,0.036550868302583694,9,1,0,0,DEF,Manchester City,2,0.8573772981762886,3.3947107791900635,3.2950416803359985
18,606,Christian Benteke,5,425,2,1.6846840381622314,0,0.0660775164142251,9,3,0,0,FWD,Crystal Palace,2,1.6846840381622314,2.1635157763957977,0.896534875035286
19,766,Jamaal Lascelles,5,450,2,0.40415620151907206,0,0,5,0,1,0,DEF,Newcastle United,2,0.40415620151907206,1.5479959920048714,1.3583366349339485
20,843,James Ward-Prowse,5,450,2,1.8786774575710297,0,0.1685917992144823,8,4,0,0,MID,Southampton,0,0.3563397750258446,1.1976470332592726,1.0822569280862808
21,1250,Mohamed Salah,5,423,2,2.269257565960288,0,0.6382304951548576,19,4,0,0,FWD,Liverpool,2,2.269257565960288,4.036706145852804,1.2588494680821896
22,1776,Jarrod Bowen,5,241,2,0.980625344440341,0,0.19072416424751282,8,2,0,0,FWD,West Ham,2,0.980625344440341,0.8846568297594786,0
23,2249,James Rodríguez,5,305,2,0.30263393372297287,1,0.688813216984272,5,5,0,0,FWD,Everton,2,0.30263393372297287,2.023195631802082,1.4200136959552765
24,3294,Edinson Cavani,5,388,2,1.1566035002470016,0,0.5340695306658745,5,3,1,0,FWD,Manchester United,2,1.1566035002470016,1.9018673598766327,0.4765855371952057
25,4422,Ashley Barnes,5,424,2,2.0184720158576965,0,0.20610328298062086,14,6,2,0,FWD,Burnley,1,1.257303148508072,1.0319006089121103,0.1251445822417736
26,4476,Callum Robinson,5,310,2,1.1374066229909658,0,0.1354813277721405,7,3,0,0,FWD,West Bromwich Albion,2,1.1374066229909658,1.421374263241887,0.14848630502820015
27,6026,Richarlison,5,450,2,3.1680725887417793,0,0.5281046396121383,18,4,0,0,FWD,Everton,2,3.1680725887417793,3.174639970064163,0.7473588492721319
28,6681,Harvey Barnes,5,402,2,1.6490952726453543,1,0.5136097632348537,12,7,0,0,MID,Leicester,2,1.6490952726453543,2.344471698626876,0.3659195601940155
29,6818,James Maddison,5,352,2,0.9074878562241793,2,1.7796336561441422,16,6,1,0,MID,Leicester,2,0.9074878562241793,2.6358969658613205,1.3080884218215942
30,7153,Matheus Pereira,5,418,2,0.7519508842378855,2,1.256748728454113,11,9,0,0,MID,West Bromwich Albion,2,0.7519508842378855,2.828554168343544,1.4695993810892105
31,7698,Leandro Trossard,5,417,2,0.5273110046982765,1,0.23224105685949326,5,4,0,0,MID,Brighton,2,0.5273110046982765,2.104728601872921,1.4925063326954842
32,7722,Trézéguet,5,339,2,0.9117913842201233,0,0.1335819996893406,11,4,0,0,FWD,Aston Villa,2,0.9117913842201233,1.7579583190381527,0.8475759699940681
33,7768,Mason Mount,5,314,2,1.0924624912440777,1,1.7997566536068916,15,10,0,0,MID,Chelsea,2,1.0924624912440777,3.7638206779956818,1.8249673210084438
34,8718,Stuart Dallas,5,450,2,0.5875477567315102,0,0.12431918643414974,8,4,0,0,DEF,Leeds,2,0.5875477567315102,2.237107379361987,1.5645475387573242
35,8865,Ollie Watkins,5,450,2,1.2059082984924316,0,0.22957688942551613,13,5,1,0,FWD,Aston Villa,2,1.2059082984924316,1.4752297848463058,0.13868675753474236
36,87,Joelinton,5,420,1,1.4320674017071724,0,0.5921978410333395,9,2,0,0,FWD,Newcastle United,1,1.4320674017071724,2.25180384516716,0.24418645352125168
37,314,Ilkay Gündogan,5,303,1,0.9399969056248665,0,0.4125194475054741,7,7,0,0,MID,Manchester City,1,0.9399969056248665,3.5344324707984924,2.2873437479138374
38,318,Pierre-Emerick Aubameyang,5,345,1,0.8978370875120163,0,0.14863842725753784,5,2,0,0,FWD,Arsenal,1,0.8978370875120163,1.2544884011149406,0.2080129235982895
39,486,Adam Lallana,5,400,1,0.5565866231918335,0,0.05544530227780342,4,1,0,0,FWD,Brighton,1,0.5565866231918335,1.778636958450079,1.2393402718007565
40,492,Héctor Bellerín,5,450,1,0.21292313002049923,0,0.24380146525800228,5,4,1,0,DEF,Arsenal,1,0.21292313002049923,1.3538091108202934,0.9909634068608284
41,502,Olivier Giroud,5,357,1,1.4242175072431564,0,0.04076788201928139,10,2,0,0,FWD,Chelsea,1,1.4242175072431564,2.7966446429491043,1.4164504893124104
42,531,Michail Antonio,5,390,1,3.2254097424447536,2,1.145412653684616,12,8,1,0,FWD,West Ham,1,3.2254097424447536,4.522693924605846,0.21974528580904007
43,556,Marcus Rashford,5,418,1,1.183589618653059,1,0.8134767860174179,10,8,1,0,MID,Manchester United,1,1.183589618653059,2.3271986097097397,0.623186994343996
44,618,Raheem Sterling,5,386,1,2.2369346916675568,1,0.8556148260831833,15,5,0,0,FWD,Manchester City,1,2.2369346916675568,4.056025743484497,1.1463894546031952
45,619,Sergio Agüero,5,233,1,1.0028605684638023,0,0.0197940431535244,5,1,0,0,FWD,Manchester City,0,0.2416917011141777,0.3966191001236439,0.13513334840536118
46,644,Erik Lamela,5,133,1,0.17560457810759544,0,0.53912453353405,4,2,0,1,FWD,Tottenham,1,0.17560457810759544,1.533264733850956,1.237997891381383
47,675,Jack Grealish,5,450,1,0.840262558311224,2,1.4238561987876892,6,14,2,0,MID,Aston Villa,1,0.840262558311224,3.380096510052681,1.5111797973513603
48,714,Gylfi Sigurdsson,5,273,1,1.4411994395777583,2,1.871449001133442,7,6,0,0,MID,Everton,0,0.6800305871292949,2.2062139734625816,0.8293065205216408
49,759,Daniel Amartey,5,300,1,0.4950198531150818,0,0,2,0,1,0,DEF,Leicester,1,0.4950198531150818,1.4187821000814438,1.3439250439405441
50,770,Ayoze Pérez,5,311,1,0.24418845772743225,0,0.03182739391922951,4,1,0,0,MID,Leicester,1,0.24418845772743225,3.4586831629276276,3.3022362738847733
51,773,Aleksandar Mitrovic,5,250,1,1.1296135038137436,0,0.46899434737861156,13,4,1,0,FWD,Fulham,1,1.1296135038137436,1.446881614625454,0.09010698273777962
52,790,Nathan Redmond,5,304,1,0.6829370930790901,1,0.9844288900494576,8,5,0,0,FWD,Southampton,1,0.6829370930790901,1.773584969341755,0.2095450758934021
53,804,Craig Dawson,5,450,1,0.9602607781998813,0,0,3,0,1,0,DEF,West Ham,1,0.9602607781998813,0.4487520158290863,0.4487520158290863
54,822,Patrick Bamford,5,321,1,1.735383689403534,2,0.8300084844231606,9,7,1,0,FWD,Leeds,1,1.735383689403534,2.6531005203723907,0.20024022087454796
55,833,Virgil van Dijk,5,370,1,0.5533826053142548,0,0,4,0,1,0,DEF,Liverpool,1,0.5533826053142548,1.409594252705574,1.2884346395730972
56,900,Adama Traoré,5,450,1,0.36912779323756695,1,0.4637927757576108,8,4,0,0,FWD,Wolverhampton Wanderers,1,0.36912779323756695,1.3217664705589414,0.4888458847999573
57,935,Kurt Zouma,5,450,1,1.530955335125327,0,0,8,0,0,0,DEF,Chelsea,1,1.530955335125327,3.328598827123642,3.328598827123642
58,964,Kyle Bartley,5,450,1,0.33584943413734436,0,0.24323167651891708,3,2,0,0,DEF,West Bromwich Albion,1,0.33584943413734436,0.6716820895671844,0.42845041304826736
59,986,Danny Ings,5,309,1,1.2289659921079874,1,0.1485080299898982,8,3,0,0,FWD,Southampton,1,1.2289659921079874,1.879575252532959,0.6148987263441086
60,1006,Luke Shaw,5,450,1,0.2501533441245556,0,0.3887038864195347,3,8,1,0,DEF,Manchester United,1,0.2501533441245556,1.4437955468893051,1.1211730651557446
61,1228,Bruno Fernandes,5,450,1,1.5842101350426674,1,1.0156186763197184,11,15,0,0,MID,Manchester United,0,0.8230412974953651,2.677758924663067,1.1423965319991112
62,1299,Mario Lemina,5,431,1,0.11335102841258049,0,0.6437530256807804,4,6,2,0,MID,Fulham,1,0.11335102841258049,0.637176051735878,0.4128113202750683
63,1389,Jorginho,5,409,1,0.7934677600860596,0,0.4605286121368408,3,3,0,0,MID,Chelsea,0,0.03229890763759613,2.8510902673006058,2.8510902673006058
64,1676,David Luiz,5,367,1,0.12974809482693672,0,0,2,0,0,0,DEF,Arsenal,1,0.12974809482693672,2.140554264187813,2.1224349290132523
65,1678,Michy Batshuayi,5,248,1,0.5810881992802024,0,0.7071490660309792,4,3,0,0,FWD,Crystal Palace,1,0.5810881992802024,1.6624878942966461,0.3995778989046812
66,1740,Paul Pogba,5,394,1,0.2862836252897978,1,0.8020205497741699,6,5,2,0,MID,Manchester United,1,0.2862836252897978,2.217752456665039,1.2623070180416107
67,1791,Trent Alexander-Arnold,5,373,1,0.20260068401694298,1,1.1422547698020935,5,14,0,0,DEF,Liverpool,1,0.20260068401694298,1.898653019219637,1.4295355398207903
68,2335,Pablo Fornals,5,351,1,0.1873391456902027,1,0.16877252608537674,3,3,1,0,MID,West Ham,1,0.1873391456902027,2.1869882866740227,1.9265223294496536
69,2517,Martin Odegaard,5,383,1,0.2753480076789856,0,0.5308203771710396,7,9,0,0,MID,Arsenal,1,0.2753480076789856,2.3931397646665573,1.8449688702821732
70,3389,Benjamin Mendy,5,341,1,0.1826444324105978,0,0,3,0,0,0,DEF,Manchester City,1,0.1826444324105978,0.7333210110664368,0.5917616784572601
71,3600,Serge Aurier,5,382,1,0.7540370300412178,0,0.5451527610421181,5,5,0,0,DEF,Tottenham,1,0.7540370300412178,2.3140200674533844,2.2512909919023514
72,3621,Neal Maupay,5,439,1,0.6600092574954033,1,1.1087473332881927,7,6,0,0,FWD,Brighton,1,0.6600092574954033,1.8503176718950272,0.28871123120188713
73,4105,Raúl Jiménez,5,374,1,0.6088082790374756,0,0.34293026477098465,11,5,0,0,FWD,Wolverhampton Wanderers,1,0.6088082790374756,1.9222483932971954,1.0238816067576408
74,5220,Kai Havertz,5,284,1,2.1776732206344604,1,0.2072819722816348,11,3,0,0,FWD,Chelsea,1,2.1776732206344604,3.5122586442157626,1.6120507717132568
75,5549,Luka Milivojevic,5,450,1,0.8353583514690399,1,0.7665850222110748,2,3,0,0,MID,Crystal Palace,0,0.07418951392173767,1.772210318595171,1.4220743663609028
76,5555,Dominic Calvert-Lewin,5,450,1,2.693904485553503,0,0.2425135299563408,10,3,0,0,FWD,Everton,1,2.693904485553503,3.7816099785268307,1.229894932359457
77,5656,Nicolas Pepe,5,256,1,2.0233162939548492,1,0.5470501780509949,7,1,0,0,MID,Arsenal,1,2.0233162939548492,2.890870988368988,0.674823023378849
78,5735,Jean-Philippe Mateta,5,180,1,0.32543088495731354,0,0.016295328736305237,4,1,0,0,FWD,Crystal Palace,1,0.32543088495731354,0.3973565027117729,0.13605083525180817
79,5956,Youri Tielemans,5,450,1,0.4108695276081562,1,0.79380127415061,7,10,2,0,MID,Leicester,1,0.4108695276081562,3.7532753944396973,2.7692782878875732
80,6048,Lewis Dunk,5,450,1,0.5157398879528046,0,0,5,0,0,0,DEF,Brighton,1,0.5157398879528046,1.3770721442997456,1.3770721442997456
81,6063,Jacob Murphy,5,234,1,0.3216700069606304,1,1.4578073397278786,5,7,0,0,DEF,Newcastle United,1,0.3216700069606304,2.8651063749566674,1.2780158231034875
82,6144,Sébastien Haller,5,409,1,0.5821455344557762,0,0.1550232395529747,7,2,0,0,FWD,West Ham,1,0.5821455344557762,0.601184718310833,0.19656632095575333
83,6314,Joachim Andersen,5,450,1,0.7304941415786743,0,0.07951248623430729,2,2,1,0,DEF,Fulham,1,0.7304941415786743,0.8944878280162811,0.8944878280162811
84,6441,Ferrán Torres,5,282,1,1.7421143017709255,0,0.22227269411087036,10,3,0,0,FWD,Manchester City,1,1.7421143017709255,1.7792189680039883,0.2521073520183563
85,6630,Joe Willock,5,346,1,1.3725515492260456,0,0.3458327353000641,3,4,0,0,MID,Newcastle United,1,1.3725515492260456,2.5307020395994186,0.9824965232983232
86,6665,Curtis Jones,5,356,1,1.231004947796464,0,0.4535492956638336,9,3,1,0,MID,Liverpool,1,1.231004947796464,2.6384660229086876,1.4453073367476463
87,6756,Dwight McNeil,5,450,1,0.3446172047406435,0,0.5670822858810425,6,12,0,0,MID,Burnley,1,0.3446172047406435,1.3006308525800705,0.7064966261386871
88,6850,Willy Boly,5,450,1,0.8136075604707003,1,0.4690481424331665,8,1,0,0,DEF,Wolverhampton Wanderers,1,0.8136075604707003,0.9223418440669775,0.8168130274862051
89,6851,Conor Coady,5,450,1,1.4096453376114368,0,0.10697049647569656,5,1,0,0,DEF,Wolverhampton Wanderers,1,1.4096453376114368,0.9295642822980881,0.8225937858223915
90,6859,Kortney Hause,4,360,1,1.2494960576295853,0,0,3,0,1,0,DEF,Aston Villa,1,1.2494960576295853,1.2654046416282654,1.2654046416282654
91,6891,Ryan Fredericks,5,121,1,0.09088702499866486,0,0.17512039840221405,1,2,0,0,MID,West Ham,1,0.09088702499866486,0.32207201421260834,0.05606459453701973
92,6893,Stuart Armstrong,5,427,1,0.503955801948905,1,0.46794554591178894,12,7,2,0,MID,Southampton,1,0.503955801948905,2.2788367941975594,1.4670687764883041
93,7236,Leander Dendoncker,5,372,1,0.44363653007894754,0,0.02954661101102829,5,1,0,0,DEF,Wolverhampton Wanderers,1,0.44363653007894754,1.3831556588411331,1.005141630768776
94,7395,Carlos Vinicius,5,279,1,1.1349099352955818,0,0.08503475785255432,5,1,2,0,FWD,Tottenham,1,1.1349099352955818,1.283422127366066,0.08671846613287926
95,7490,Mason Greenwood,5,367,1,1.6156856939196587,0,0.5407925546169281,14,3,1,0,FWD,Manchester United,1,1.6156856939196587,2.482857868075371,0.5171268545091152
96,7711,David McGoldrick,5,295,1,1.081291638314724,0,0.18475891090929508,9,5,3,0,FWD,Sheffield United,1,1.081291638314724,1.1812411714345217,0.08111288398504257
97,7714,Ben Osborn,5,320,1,0.6466546058654785,0,0.7028419673442841,2,4,0,0,DEF,Sheffield United,1,0.6466546058654785,2.031884253025055,1.2906598076224327
98,7721,Conor Hourihane,4,236,1,0.5679545402526855,1,0.9191879034042358,5,5,0,0,MID,Aston Villa,1,0.5679545402526855,0.6681759208440781,0.19055770710110664
99,7753,James Justin,5,450,1,1.2570498511195183,0,0.01606161892414093,4,1,1,0,DEF,Leicester,1,1.2570498511195183,2.1183875128626823,1.8870844319462776
100,7991,Aaron Connolly,5,194,1,2.247384548187256,0,0,9,0,0,0,FWD,Brighton,1,2.247384548187256,2.2639789767563343,0.016594428569078445
101,8020,Steven Alzate,5,265,1,0.6119718290865421,0,0.08918548375368118,2,2,1,0,DEF,Brighton,1,0.6119718290865421,1.072856616228819,0.40349435433745384
102,8026,Raphinha,5,450,1,1.2333421260118484,1,1.543175257742405,11,11,0,0,MID,Leeds,1,1.2333421260118484,2.8995673656463623,0.46610452234745026
103,8226,Tariq Lamptey,5,433,1,0.5145564004778862,0,0.25573037564754486,3,4,0,1,DEF,Brighton,1,0.5145564004778862,1.719020001590252,1.0854873210191727
104,8239,Takumi Minamino,5,329,1,1.0069867223501205,0,0.468106672167778,7,2,0,0,FWD,Southampton,1,1.0069867223501205,2.344686433672905,0.9398557618260384
105,8288,Tomas Soucek,5,450,1,1.194786749780178,0,0.9670432433485985,8,4,1,0,MID,West Ham,1,1.194786749780178,2.5754812136292458,0.42945245280861855
106,8481,Jimmy Dunne,2,180,1,0.22237548604607582,0,0.10200031474232674,3,2,0,0,DEF,Burnley,1,0.22237548604607582,0.10443910025060177,0.043035658076405525
107,8720,Jack Harrison,5,312,1,1.175790574401617,1,1.2131706960499287,5,5,0,0,MID,Leeds,1,1.175790574401617,2.7801830917596817,0.39122185856103897
108,8778,Fabio Silva,5,112,1,0.9557663798332214,1,0.0638496782630682,3,2,0,0,FWD,Wolverhampton Wanderers,1,0.9557663798332214,1.019616074860096,0
109,9290,Mbaye Diagne,5,442,1,1.6016618981957436,0,0.09551565162837505,12,3,1,0,FWD,West Bromwich Albion,1,1.6016618981957436,2.3911988511681557,0.9107431434094906
110,65,Timo Werner,5,300,0,1.4171851985156536,1,1.0376287223771214,9,5,0,0,FWD,Chelsea,0,1.4171851985156536,2.772286355495453,0.8292228579521179
111,76,Fabian Schär,5,450,0,0.6593132521957159,0,0,9,0,2,0,DEF,Newcastle United,0,0.6593132521957159,0.6979994550347328,0.6396211832761765
112,111,Jannik Vestergaard,5,450,0,0.46718951873481274,0,0.025069432333111763,3,1,1,0,DEF,Southampton,0,0.46718951873481274,0.5283148214221001,0.5283148214221001
113,181,Bernd Leno,5,450,0,0,0,0,0,0,0,0,GK,Arsenal,0,0,0.8902204781770706,0.8902204781770706
114,200,Andreas Christensen,5,418,0,0.08413116820156574,0,0.18778853304684162,2,4,0,0,DEF,Chelsea,0,0.08413116820156574,2.627921313047409,2.525269240140915
115,204,Granit Xhaka,5,436,0,0.015314947813749313,0,0.221128698438406,1,5,2,0,MID,Arsenal,0,0.015314947813749313,1.3383394554257393,1.3071028366684914
116,229,Thiago Alcántara,5,331,0,0.12194471061229706,0,0.29481629095971584,1,5,1,0,MID,Liverpool,0,0.12194471061229706,1.3158727139234543,1.0046381205320358
117,239,Pascal Groß,5,450,0,1.232725404202938,2,1.3371033687144518,5,11,1,0,MID,Brighton,0,0.47155654430389404,1.790242314338684,1.0983863472938538
118,332,Joel Matip,5,340,0,0.09839723259210587,2,0.7639510035514832,2,2,1,0,DEF,Liverpool,0,0.09839723259210587,2.4265249371528625,2.4265249371528625
119,342,Sead Kolasinac,1,90,0,0,0,0,0,0,0,0,DEF,Arsenal,0,0,0.42935803532600403,0.42935803532600403
120,343,Pierre-Emile Højbjerg,5,450,0,0.09339010622352362,0,0.011810826137661934,2,1,0,0,MID,Tottenham,0,0.09339010622352362,1.9116938337683678,1.8309853076934814
121,453,Son Heung-Min,5,330,0,0.640869177877903,3,3.3057907223701477,6,10,0,0,MID,Tottenham,0,0.640869177877903,4.823159396648407,1.7650209367275238
122,461,Matt Ritchie,5,302,0,0.06987965106964111,0,0.10914580896496773,3,3,0,0,DEF,Newcastle United,0,0.06987965106964111,2.4799734801054,2.433581754565239
123,465,Joshua King,5,65,0,0,0,0,0,0,0,0,FWD,Everton,0,0,0.040601134300231934,0.040601134300231934
124,482,Roberto Firmino,5,431,0,1.0104878023266792,0,0.5458205137401819,10,4,0,0,FWD,Liverpool,0,1.0104878023266792,3.3925481475889683,2.017808325588703
125,484,Divock Origi,5,166,0,1.0811212956905365,0,0.1400348860770464,7,2,0,0,FWD,Liverpool,0,1.0811212956905365,1.4480495639145374,0.7334812004119158
126,485,Mamadou Sakho,4,274,0,0.0188349187374115,0,0,1,0,0,0,DEF,Crystal Palace,0,0.0188349187374115,0.5140529274940491,0.5140529274940491
127,489,James Milner,5,287,0,0.17970767244696617,0,0.1877518743276596,4,3,1,0,MID,Liverpool,0,0.17970767244696617,1.2568500190973282,1.0368463546037674
128,496,Mohamed Elneny,5,197,0,0.015241057612001896,0,0,1,0,0,0,MID,Arsenal,0,0.015241057612001896,0.26504556834697723,0.24980450421571732
129,500,Alex Iwobi,5,208,0,0.03036576509475708,0,0.10824479907751083,1,3,0,0,MID,Everton,0,0.03036576509475708,0.9221605397760868,0.8068554811179638
130,503,Theo Walcott,5,408,0,0.35202010348439217,1,0.5149797648191452,7,3,0,0,FWD,Southampton,0,0.35202010348439217,1.2409037612378597,0.45466745644807816
131,508,Calum Chambers,3,270,0,0.018959891051054,0,0.27628739923238754,1,5,0,0,DEF,Arsenal,0,0.018959891051054,1.0892020761966705,0.9496607631444931
132,510,Joel Ward,5,450,0,0,0,0.020749561488628387,0,1,0,0,DEF,Crystal Palace,0,0,0.5564845204353333,0.5357349514961243
133,512,Scott Dann,5,450,0,0.07845623046159744,0,0,1,0,0,0,DEF,Crystal Palace,0,0.07845623046159744,0.30692220386117697,0.30692220386117697
134,522,Wilfried Zaha,5,372,0,0.2346055880188942,0,0.24716828018426895,4,4,0,0,FWD,Crystal Palace,0,0.2346055880188942,1.235997512936592,0.754223644733429
135,527,Adrián,3,270,0,0,0,0,0,0,0,0,GK,Liverpool,0,0,0.3974394351243973,0.3974394351243973
136,528,Angelo Ogbonna,5,450,0,0,0,0,0,0,1,0,DEF,West Ham,0,0,0.3760550878942013,0.3760550878942013
137,530,James Tomkins,5,385,0,0.061319392174482346,0,0,1,0,1,0,DEF,Crystal Palace,0,0.061319392174482346,0.2581058517098427,0.2581058517098427
138,532,Cheikhou Kouyaté,5,450,0,0,0,0.01993616484105587,0,1,1,0,DEF,Crystal Palace,0,0,0.08286434412002563,0.06292817741632462
139,533,Mark Noble,5,193,0,0,0,0,0,0,0,0,MID,West Ham,0,0,0.2567764148116112,0.2567764148116112
140,534,Aaron Cresswell,5,450,0,0.0681978166103363,1,1.335194904357195,1,6,1,0,DEF,West Ham,0,0.0681978166103363,0.8385485634207726,0.713370718061924
141,535,Manuel Lanzini,5,192,0,0.7743979506194592,0,0.38212611339986324,6,5,0,0,MID,West Ham,0,0.7743979506194592,1.1979235038161278,0.2827397361397743
142,537,Andy Carroll,5,84,0,0.13680431991815567,0,0,3,0,1,0,FWD,Newcastle United,0,0.13680431991815567,0.42110639810562134,0.38554565235972404
143,540,Darren Randolph,2,180,0,0,0,0,0,0,0,0,GK,West Ham,0,0,0.17282110452651978,0.17282110452651978
144,545,Kieran Gibbs,5,450,0,0.06194194033741951,0,0.3875896893441677,1,3,0,0,DEF,West Bromwich Albion,0,0.06194194033741951,0.5681141167879105,0.506172176450491
145,546,David de Gea,5,450,0,0,0,0,0,0,0,0,GK,Manchester United,0,0,1.1551956683397293,1.1551956683397293
146,549,Timothy Fosu-Mensah,1,85,0,0.015449298545718193,0,0.30515241622924805,1,2,1,0,DEF,Manchester United,0,0.015449298545718193,0.4019051194190979,0.3608218729496002
147,554,Juan Mata,5,192,0,0.20561139285564423,1,0.529167927801609,2,2,0,0,MID,Manchester United,0,0.20561139285564423,1.6635059528052807,0.9498139582574368
148,573,Odion Ighalo,1,5,0,0,0,0,0,0,0,0,FWD,Manchester United,0,0,0.0,0
149,579,Nathan Aké,5,352,0,0.08450745046138763,0,0.017229333519935608,1,1,3,0,DEF,Manchester City,0,0.08450745046138763,2.192882224917412,2.175652891397476
150,585,Seamus Coleman,5,313,0,0.366566214710474,1,0.40834207832813263,3,6,0,0,DEF,Everton,0,0.366566214710474,1.2555212825536728,0.62835593521595
151,587,Phil Jagielka,5,287,0,0,0,0,0,0,0,1,DEF,Sheffield United,0,0,0.6763434410095215,0.6763434410095215
152,589,James McCarthy,5,153,0,0,0,0.07911469042301178,0,1,0,0,MID,Crystal Palace,0,0,0.047279153019189835,0.047279153019189835
153,592,Ross Barkley,5,112,0,0.09495174419134855,0,0.4813438542187214,2,4,0,0,FWD,Aston Villa,0,0.09495174419134855,0.5672864196822047,0.07529731094837189
154,603,Nathaniel Clyne,5,448,0,0.07260642945766449,0,0.05876154825091362,2,2,1,0,DEF,Crystal Palace,0,0.07260642945766449,0.21819796971976757,0.10272417962551117
155,605,Jordan Henderson,5,389,0,0.04415769875049591,0,0.44139207527041435,1,4,0,0,DEF,Liverpool,0,0.04415769875049591,1.6460059955716133,1.6018483005464077
156,614,Fernandinho,5,382,0,0.12375621404498816,0,0.6746872989460826,5,7,4,0,MID,Manchester City,0,0.12375621404498816,2.45145383477211,2.203769326210022
157,624,Willy Caballero,1,90,0,0,0,0,0,0,0,0,GK,Chelsea,0,0,0.14356312155723572,0.14356312155723572
158,633,James McArthur,5,375,0,0.14128059800714254,1,0.18178166821599007,2,4,0,0,MID,Crystal Palace,0,0.14128059800714254,0.618076030164957,0.5026856064796448
159,635,Alex McCarthy,5,450,0,0,0,0,0,0,1,0,GK,Southampton,0,0,0.7499030232429504,0.7499030232429504
160,637,Hugo Lloris,5,450,0,0,0,0,0,0,0,0,GK,Tottenham,0,0,0.7417090032249689,0.7417090032249689
161,638,Kyle Walker,5,384,0,0.014604183845221996,0,0.027112888172268867,1,2,0,0,DEF,Manchester City,0,0.014604183845221996,3.2783171012997627,3.2365999594330788
162,639,Toby Alderweireld,5,450,0,0.12390520423650742,0,0,1,0,0,0,DEF,Tottenham,0,0.12390520423650742,2.649122290313244,2.649122290313244
163,643,Eric Dier,5,450,0,0.11020518839359283,0,0.16284889727830887,3,3,1,0,DEF,Tottenham,0,0.11020518839359283,0.810320295393467,0.7912940755486488
164,645,Dele Alli,5,152,0,0.5913847088813782,0,0.21432761661708355,1,4,0,0,MID,Tottenham,0,0.5913847088813782,1.4530099164694548,0.7716552373021841
165,660,Ben Davies,5,392,0,0.05805462226271629,0,0,1,0,1,0,DEF,Tottenham,0,0.05805462226271629,0.9247688017785549,0.8667141795158386
166,661,Josh Onomah,5,31,0,0.45933255553245544,0,0,3,0,1,0,FWD,Fulham,0,0.45933255553245544,0.5451320707798004,0.1867094412446022
167,669,Ashley Westwood,5,450,0,0.1047966331243515,0,0.297787144780159,5,5,1,0,MID,Burnley,0,0.1047966331243515,1.703291643410921,1.4245535619556904
168,672,Jordan Ayew,5,429,0,0.12474523112177849,0,0.06837936490774155,4,1,1,0,FWD,Crystal Palace,0,0.12474523112177849,1.8520695120096207,1.6589448973536491
169,681,César Azpilicueta,5,450,0,0.02080155536532402,0,1.004563182592392,1,7,0,0,DEF,Chelsea,0,0.02080155536532402,4.328135922551155,3.513333335518837
170,682,Branislav Ivanovic,5,131,0,0,0,0,0,0,0,0,DEF,West Bromwich Albion,0,0,0.0,0
171,688,Ruben Loftus-Cheek,5,262,0,0.2564550470560789,0,0.0896429680287838,2,2,1,0,FWD,Fulham,0,0.2564550470560789,0.3924733102321625,0.04637529328465462
172,695,Bertrand Traoré,5,328,0,0.11468410771340132,1,1.3146980870515108,2,5,0,0,FWD,Aston Villa,0,0.11468410771340132,0.9388488233089447,0.06553700566291809
173,697,Nemanja Matic,5,272,0,0.10184512287378311,0,0.0303916297852993,3,1,0,0,MID,Manchester United,0,0.10184512287378311,1.4766584634780884,1.4592706859111786
174,699,Gary Cahill,5,450,0,0,0,0,0,0,2,0,DEF,Crystal Palace,0,0,0.48175691068172455,0.48175691068172455
175,700,Willian,5,210,0,0.23397906497120857,2,0.24490173161029816,4,4,0,0,MID,Arsenal,0,0.23397906497120857,0.6137305833399296,0.263852596282959
176,702,Tammy Abraham,5,215,0,0.16559439152479172,0,0,3,0,0,0,FWD,Chelsea,0,0.16559439152479172,0.09205649606883526,0.04990326054394245
177,703,Fikayo Tomori,1,43,0,0,0,0,0,0,0,0,FWD,Chelsea,0,0,0.0727275162935257,0.0727275162935257
178,706,Lukasz Fabianski,5,450,0,0,0,0,0,0,0,0,GK,West Ham,0,0,0.1342265009880066,0.1342265009880066
179,708,Federico Fernández,5,438,0,0,0,0.4892941489815712,0,3,0,0,DEF,Newcastle United,0,0,1.3704798556864262,1.313895020633936
180,710,Neil Taylor,1,13,0,0,0,0,0,0,1,0,FWD,Aston Villa,0,0,0.0,0
181,712,Jack Cork,5,443,0,0.03718377463519573,0,0.0808621421456337,2,2,1,0,MID,Burnley,0,0.03718377463519573,1.0485077928751707,0.954105082899332
182,725,Ola Aina,5,433,0,0,0,0.022506507113575935,0,1,0,0,DEF,Fulham,0,0,0.5441622938960791,0.5216557867825031
183,727,DeAndre Yedlin,5,439,0,0.0998492855578661,0,0.08443297632038593,2,3,0,0,DEF,Newcastle United,0,0.0998492855578661,0.5257039777934551,0.3566392660140991
184,730,Patrick van Aanholt,5,450,0,0.39100711047649384,0,0,3,0,1,0,DEF,Crystal Palace,0,0.39100711047649384,1.564865231513977,1.1852287501096725
185,741,Jordan Pickford,5,402,0,0,0,0,0,0,0,0,GK,Everton,0,0,0.7793596144765615,0.7793596144765615
186,743,Dwight Gayle,5,264,0,2.123145505785942,0,0.15638726018369198,9,3,0,0,FWD,Newcastle United,0,2.123145505785942,2.4707817919552326,0.32744571566581726
187,745,Kasper Schmeichel,5,450,0,0,0,0,0,0,0,0,GK,Leicester,0,0,0.6313421502709389,0.6313421502709389
188,748,Wes Morgan,3,13,0,0,0,0,0,0,0,0,FWD,Leicester,0,0,0.14461266994476318,0.14461266994476318
189,749,Christian Fuchs,5,423,0,0.032091960310935974,0,0.013015583157539368,2,1,3,0,DEF,Leicester,0,0.032091960310935974,1.6288349777460098,1.5972304046154022
190,751,N&#039;Golo Kanté,5,307,0,0.4990161843597889,1,0.16527952998876572,5,5,0,0,MID,Chelsea,0,0.4990161843597889,3.329009622335434,2.776434063911438
191,753,Marc Albrighton,5,195,0,0.1249411441385746,2,0.7800296824425459,3,7,0,0,MID,Leicester,0,0.1249411441385746,1.18741655908525,0.8518021106719971
192,755,Jamie Vardy,5,450,0,1.5287024676799774,2,2.0242259595543146,7,5,0,0,FWD,Leicester,0,1.5287024676799774,3.9390157610177994,0.38608745485544205
193,757,Jeffrey Schlupp,5,93,0,0.047943223267793655,2,0.7188630700111389,1,3,0,0,FWD,Crystal Palace,0,0.047943223267793655,0.7668062895536423,0.6021665334701538
194,762,Demarai Gray,1,17,0,0.05797205865383148,0,0,1,0,0,0,FWD,Leicester,0,0.05797205865383148,0.02703343704342842,0.02703343704342842
195,769,Jonjo Shelvey,5,450,0,0.15466050431132317,1,0.7590135270729661,5,7,1,0,MID,Newcastle United,0,0.15466050431132317,1.913402333855629,1.2271813824772835
196,771,Georginio Wijnaldum,5,306,0,0.09397218562662601,0,0.21524417400360107,3,2,0,0,MID,Liverpool,0,0.09397218562662601,0.7749517094343901,0.4657353609800339
197,772,Moussa Sissoko,5,121,0,0,0,0,0,0,0,0,FWD,Tottenham,0,0,1.1520503293722868,1.1520503293722868
198,775,Andros Townsend,5,264,0,0.13479886949062347,0,0.14348744042217731,3,3,0,0,FWD,Crystal Palace,0,0.13479886949062347,0.8505977690219879,0.7720028162002563
199,780,Karl Darlow,5,450,0,0,0,0,0,0,1,0,GK,Newcastle United,0,0,0.050620973110198975,0.050620973110198975
200,782,Ben Chilwell,5,423,0,0.6646621022373438,0,0.3254157155752182,8,5,1,0,DEF,Chelsea,0,0.6646621022373438,3.277593433856964,2.6554805636405945
201,785,John Ruddy,1,1,0,0,0,0,0,0,0,0,FWD,Wolverhampton Wanderers,0,0,0.0,0
202,789,Robbie Brady,5,164,0,0.09294561669230461,0,0,2,0,1,0,MID,Burnley,0,0.09294561669230461,0.2690829932689667,0.21975607424974442
203,807,Jonny Evans,5,433,0,0.6947427382692695,0,0.03152850642800331,2,1,1,0,DEF,Leicester,0,0.6947427382692695,1.4612753987312317,1.4612753987312317
204,831,Fraser Forster,5,450,0,0,0,0,0,0,0,0,GK,Southampton,0,0,0.6149501800537109,0.6149501800537109
205,835,Ryan Bertrand,5,450,0,0,0,0.6247326489537954,0,3,0,0,DEF,Southampton,0,0,1.0695018470287323,1.0436604768037796
206,838,Sadio Mané,5,307,0,1.8096844404935837,2,0.6896840203553438,12,4,0,0,FWD,Liverpool,0,1.8096844404935837,2.7164731323719025,0.616872102022171
207,839,Shane Long,5,162,0,0.020856590941548347,0,0,1,0,0,0,FWD,Southampton,0,0.020856590941548347,0.04732386767864227,0.026467276737093925
208,842,Oriol Romeu,5,433,0,0.08544239401817322,0,0.07051941752433777,2,1,1,0,MID,Southampton,0,0.08544239401817322,1.3435727655887604,1.2027479782700539
209,844,Jay Rodriguez,5,111,0,0.27042967453598976,0,0,5,0,0,0,FWD,Burnley,0,0.27042967453598976,0.2366277612745762,0.05685591325163841
210,847,Cédric Soares,5,383,0,0.11652805097401142,0,0.12566038221120834,4,2,0,0,DEF,Arsenal,0,0.11652805097401142,0.6073827315121889,0.3947366885840893
211,848,Charlie Austin,5,126,0,0.4129626452922821,0,0,3,0,0,0,FWD,West Bromwich Albion,0,0.4129626452922821,0.4129626452922821,0
212,853,Paul Dummett,5,450,0,0,0,0.15713378880172968,0,3,2,0,DEF,Newcastle United,0,0,1.5494443327188492,1.4402689263224602
213,857,Phil Bardsley,4,272,0,0.06341451406478882,0,0,3,0,2,0,DEF,Burnley,0,0.06341451406478882,0.1266939826309681,0.10160527005791664
214,875,Ciaran Clark,5,450,0,0.10155206173658371,0,0,2,0,1,0,DEF,Newcastle United,0,0.10155206173658371,1.47857700381428,1.47857700381428
215,876,Fabian Delph,5,206,0,0.014957983046770096,0,0.028502553701400757,1,1,0,0,DEF,Everton,0,0.014957983046770096,1.0346714854240417,0.9912109673023224
216,884,Matt Targett,5,450,0,0,0,0.5375721342861652,0,6,2,0,DEF,Aston Villa,0,0,0.6545613333582878,0.5815128311514854
217,885,Kyle Walker-Peters,5,434,0,0.06404662877321243,0,0.1717678029090166,2,3,0,0,DEF,Southampton,0,0.06404662877321243,1.867223009467125,1.631408616900444
218,887,Erik Pieters,5,326,0,0.00909247063100338,0,0.2195698246359825,1,2,1,0,DEF,Burnley,0,0.00909247063100338,0.7507406715303659,0.5220783799886703
219,888,Xherdan Shaqiri,5,136,0,0.1128835529088974,0,1.184014841914177,3,6,0,0,FWD,Liverpool,0,0.1128835529088974,1.2297349870204926,0.2768621537834406
220,910,Harrison Reed,5,414,0,0.07720714062452316,0,0.10942498221993446,3,3,0,0,MID,Fulham,0,0.07720714062452316,0.7225877922028303,0.6596972364932299
221,934,Axel Tuanzebe,5,112,0,0,0,0,0,0,2,0,DEF,Manchester United,0,0,0.5835539102554321,0.5835539102554321
222,966,Alex Oxlade-Chamberlain,5,81,0,0.07056105136871338,0,0,3,0,0,0,FWD,Liverpool,0,0.07056105136871338,0.5086881350725889,0.4644858967512846
223,971,Harry Winks,5,355,0,0.047471366822719574,0,0.14573196321725845,3,2,2,0,MID,Tottenham,0,0.047471366822719574,1.8327322006225586,1.7486078776419163
224,978,Sam Johnstone,5,450,0,0,1,0.11011698096990585,0,1,0,0,GK,West Bromwich Albion,0,0,0.12572871148586273,0.015611730515956879
225,985,Mason Holgate,5,436,0,0,0,0.28610777854919434,0,1,2,0,DEF,Everton,0,0,1.7504605893045664,1.4643528256565332
226,987,Joseph Gomez,5,414,0,0,0,0,0,0,0,0,DEF,Liverpool,0,0,1.4486604928970337,1.4486604928970337
227,1013,Sam Field,3,56,0,0,0,0,0,0,0,0,FWD,West Bromwich Albion,0,0,0.0,0
228,1014,Tyler Roberts,5,395,0,0.18695484846830368,0,0.3958763871341944,5,2,1,0,MID,Leeds,0,0.18695484846830368,2.0911713540554047,1.5083401501178741
229,1024,Tyrone Mings,5,450,0,0,1,0.06553700566291809,0,1,1,0,DEF,Aston Villa,0,0,1.2618183493614197,1.2618183493614197
230,1042,Tom Davies,5,353,0,0.054180788807570934,1,0.5723092723637819,2,3,1,0,MID,Everton,0,0.054180788807570934,1.5029263496398926,1.4897912442684174
231,1053,Keinan Davis,5,49,0,0.06148289144039154,1,0.49341026693582535,1,2,0,0,FWD,Aston Villa,0,0.06148289144039154,0.5825765207409859,0.08916624914854765
232,1084,Jonjoe Kenny,4,81,0,0,0,0,0,0,0,0,DEF,Everton,0,0,0.24064451456069946,0.24064451456069946
233,1208,Felipe Anderson,2,2,0,0,0,0,0,0,0,0,FWD,West Ham,0,0,0.05036865919828415,0.05036865919828415
234,1234,Dennis Praet,5,131,0,0.14564084261655807,0,0.4144262224435806,3,2,0,0,MID,Leicester,0,0.14564084261655807,0.5288688838481903,0.054072458297014236
235,1245,Emerson,2,88,0,0,0,0,0,0,0,0,FWD,Chelsea,0,0,0.0,0
236,1257,Alisson,5,450,0,0,0,0,0,0,0,0,GK,Liverpool,0,0,0.5276158191263676,0.5276158191263676
237,1304,Moise Kean,2,10,0,0.02234572172164917,0,0,1,0,0,0,FWD,Everton,0,0.02234572172164917,0.02234572172164917,0
238,1379,Allan,5,341,0,0,0,0.022356737405061722,0,1,0,0,MID,Everton,0,0,1.8999924510717392,1.8999924510717392
239,1545,Emil Krafth,5,418,0,0.09292967990040779,0,0.35007568448781967,6,4,1,0,DEF,Newcastle United,0,0.09292967990040779,1.1947990600019693,0.795382171869278
240,1621,Marcos Alonso,5,387,0,0.9361779615283012,0,1.4405494630336761,12,8,1,0,DEF,Chelsea,0,0.9361779615283012,2.596925038844347,1.2447611130774021
241,1652,Matthew Lowton,5,450,0,0.08253789599984884,0,0.6300002709031105,4,6,1,0,DEF,Burnley,0,0.08253789599984884,1.3381899893283844,0.7708892896771431
242,1653,Michael Keane,5,450,0,0.13220248837023973,0,0.024025844410061836,4,1,0,0,DEF,Everton,0,0.13220248837023973,1.5655566547065973,1.5415307972580194
243,1654,Ben Mee,5,450,0,0.26671906746923923,0,0,7,0,0,0,DEF,Burnley,0,0.26671906746923923,0.544119868427515,0.5282681956887245
244,1663,Johann Berg Gudmundsson,5,357,0,0.0765465795993805,0,0.6168347671627998,2,3,0,0,MID,Burnley,0,0.0765465795993805,1.0241658091545105,0.33078448474407196
245,1665,James Tarkowski,5,450,0,0.11097467876970768,0,0.20613281428813934,2,3,1,0,DEF,Burnley,0,0.11097467876970768,0.28014349937438965,0.28014349937438965
246,1682,Islam Slimani,1,17,0,0.10036919265985489,0,0.07683446258306503,1,1,0,0,FWD,Leicester,0,0.10036919265985489,0.17720365524291992,0
247,1683,Ryan Fraser,5,335,0,0.1724789049476385,1,0.33888908848166466,6,7,0,0,FWD,Newcastle United,0,0.1724789049476385,0.7428135648369789,0.5127148060128093
248,1685,Ahmed Elmohamady,5,450,0,0.14160370826721191,0,0.5507855042815208,3,4,2,0,DEF,Aston Villa,0,0.14160370826721191,0.8830010257661343,0.42217760160565376
249,1687,Harry Maguire,5,450,0,0.0356560405343771,0,0,2,0,2,0,DEF,Manchester United,0,0.0356560405343771,1.1729523949325085,1.1729523949325085
250,1688,Andrew Robertson,5,424,0,0.0767541192471981,0,0.2604968883097172,2,6,1,0,DEF,Liverpool,0,0.0767541192471981,0.9343723207712173,0.7636306826025248
251,1689,Jake Livermore,5,286,0,0.08368473500013351,0,0,1,0,0,0,MID,West Bromwich Albion,0,0.08368473500013351,1.2956444919109344,1.2119597494602203
252,1691,Robert Snodgrass,5,288,0,0.1406804881989956,0,0.45147934183478355,3,2,2,0,MID,West Bromwich Albion,0,0.1406804881989956,0.5939223803579807,0.08357826992869377
253,1699,Shkodran Mustafi,3,43,0,0,0,0,0,0,0,0,FWD,Arsenal,0,0,0.06472476571798325,0.06472476571798325
254,1719,Javier Manquillo,5,203,0,0,0,0.10900570452213287,0,1,0,0,DEF,Newcastle United,0,0,0.830870152451098,0.7218644330278039
255,1726,Abdoulaye Doucouré,5,425,0,0.0330696776509285,0,0.07639191299676895,1,2,1,0,MID,Everton,0,0.0330696776509285,1.3594370558857918,1.2830451354384422
256,1735,Jack Stephens,5,421,0,0.5896125957369804,0,0,2,0,1,0,DEF,Southampton,0,0.5896125957369804,0.8581647034734488,0.8581647034734488
257,1736,Oliver McBurnie,5,304,0,0.37280890345573425,0,0.026379676535725594,4,1,1,0,FWD,Sheffield United,0,0.37280890345573425,0.9075361043214798,0.5437915176153183
258,1737,Matt Phillips,5,402,0,0.7077588271349669,0,0.21414509043097496,7,3,0,0,MID,West Bromwich Albion,0,0.7077588271349669,1.0058104991912842,0.14955400303006172
259,1738,Hal Robson-Kanu,5,64,0,0,0,0.1052483469247818,0,1,0,0,FWD,West Bromwich Albion,0,0,0.15247312188148499,0.047224774956703186
260,1739,Eric Bailly,5,450,0,0.04878591373562813,0,0,1,0,1,0,DEF,Manchester United,0,0.04878591373562813,0.6218025982379913,0.6218025982379913
261,1746,Jeff Hendrick,5,222,0,0.09283816814422607,0,0.013825207017362118,1,1,0,1,MID,Newcastle United,0,0.09283816814422607,0.2119284374639392,0.19810323044657707
262,1747,Kevin Long,5,365,0,0.5170078873634338,0,0,1,0,2,0,DEF,Burnley,0,0.5170078873634338,0.44502995535731316,0.44502995535731316
263,1748,Lys Mousset,5,202,0,0,0,0.05905785411596298,0,1,0,0,FWD,Sheffield United,0,0,0.31954462826251984,0.26048676669597626
264,1749,Rob Holding,5,354,0,0.057072319090366364,0,0.04470866918563843,2,1,0,0,DEF,Arsenal,0,0.057072319090366364,0.5221344493329525,0.4774257726967335
265,1750,Ainsley Maitland-Niles,5,450,0,0.3871031887829304,0,0,4,0,0,0,MID,West Bromwich Albion,0,0.3871031887829304,1.0758083164691925,0.7188663482666016
266,1760,Arthur Masuaku,5,387,0,0.3107781708240509,1,0.9047290217131376,1,5,0,0,DEF,West Ham,0,0.3107781708240509,1.6375104784965515,0.49138026870787144
267,1785,Nampalys Mendy,5,127,0,0,0,0.022692695260047913,0,1,1,0,MID,Leicester,0,0,0.786394752562046,0.7637020722031593
268,1822,Antonio Rüdiger,5,450,0,0.174061912111938,0,0.12313866429030895,5,2,0,0,DEF,Chelsea,0,0.174061912111938,4.188192889094353,4.169751316308975
269,1823,Lucas Digne,5,450,0,0.10107066482305527,0,1.534021656960249,1,10,2,0,DEF,Everton,0,0.10107066482305527,2.4690112955868244,1.5086200404912233
270,1828,Alex Telles,5,340,0,0.08062233589589596,2,0.3341408520936966,2,8,0,0,DEF,Manchester United,0,0.08062233589589596,2.2363976687192917,2.1557752937078476
271,2163,Diego Llorente,5,450,0,0.14003184624016285,0,0.34819113835692406,3,2,0,0,DEF,Leeds,0,0.14003184624016285,0.552301075309515,0.20410992950201035
272,2164,Pablo Hernández,5,85,0,0.11877769976854324,0,0,2,0,1,0,FWD,Leeds,0,0.11877769976854324,0.894590811803937,0.7758131492882967
273,2190,Vicente Guaita,5,450,0,0,0,0,0,0,0,0,GK,Crystal Palace,0,0,0.030887801200151443,0.030887801200151443
274,2254,Mateo Kovacic,5,353,0,0.10961165092885494,0,0.36654141917824745,4,5,1,0,MID,Chelsea,0,0.10961165092885494,3.515573263168335,3.1827279813587666
275,2259,Kiko Casilla,1,90,0,0,0,0,0,0,0,0,GK,Leeds,0,0,0.0,0
276,2280,Jonny,5,387,0,0.05170465260744095,0,0.024455219507217407,1,1,0,0,DEF,Wolverhampton Wanderers,0,0.05170465260744095,0.28165455255657434,0.20549468789249659
277,2310,Alphonse Areola,5,450,0,0,0,0,0,0,0,0,GK,Fulham,0,0,0.6471918299794197,0.6471918299794197
278,2328,Thomas Partey,5,371,0,0.18337020836770535,0,0.10420306771993637,8,3,0,0,MID,Arsenal,0,0.18337020836770535,2.0302932616323233,1.878280883654952
279,2361,Willian José,5,391,0,0.5701172985136509,0,0.9816636610776186,6,5,0,0,FWD,Wolverhampton Wanderers,0,0.5701172985136509,0.7804099805653095,0.16819490119814873
280,2379,João Cancelo,5,426,0,0.5705416332930326,1,1.4088674634695053,7,8,1,0,DEF,Manchester City,0,0.5705416332930326,2.1483194082975388,1.54874786734581
281,2381,Rodrigo,5,205,0,0.2072559054940939,1,0.33891230821609497,6,3,3,0,MID,Leeds,0,0.2072559054940939,0.9718773365020752,0.48373378813266754
282,2383,André Gomes,5,376,0,0.10351122915744781,0,0.6982989981770515,5,5,0,0,MID,Everton,0,0.10351122915744781,1.4731716699898243,0.9506450481712818
283,2385,Mat Ryan,5,450,0,0,0,0,0,0,0,0,GK,Brighton,0,0,0.5336162336170673,0.5336162336170673
284,2446,Dani Ceballos,5,233,0,0.0753990039229393,1,0.14230914413928986,1,2,0,0,MID,Arsenal,0,0.0753990039229393,0.9673609435558319,0.8919619023799896
285,2496,Rodri,5,361,0,0.26165691018104553,0,0.1941131055355072,4,5,1,0,MID,Manchester City,0,0.26165691018104553,1.6463775038719177,1.25188846886158
286,2498,Aymeric Laporte,5,450,0,0,0,0,0,0,0,0,DEF,Manchester City,0,0,1.8660105019807816,1.8660105019807816
287,2958,Oleksandr Zinchenko,5,444,0,0.29157605953514576,0,0.9752300530672073,6,13,0,0,DEF,Manchester City,0,0.29157605953514576,3.6729589998722076,3.174954704940319
288,3203,Issa Diop,5,450,0,0.2559306025505066,0,0.017779581248760223,1,1,1,0,DEF,West Ham,0,0.2559306025505066,0.5107580348849297,0.49297845363616943
289,3231,Kamil Grosicki,3,151,0,0.10924907773733139,1,0.5663558542728424,3,3,0,0,MID,West Bromwich Albion,0,0.10924907773733139,0.16501346230506897,0.017962073907256126
290,3288,Thiago Silva,5,333,0,0.12908392027020454,0,0.057620249688625336,2,1,0,1,DEF,Chelsea,0,0.12908392027020454,1.1078542992472649,1.025256209075451
291,3293,Lucas Moura,5,357,0,0.09064727276563644,2,0.8731195777654648,1,6,0,0,MID,Tottenham,0,0.09064727276563644,2.117401834577322,1.9820789024233818
292,3303,Ricardo Pereira,5,335,0,0.22994013503193855,0,0.16808120161294937,3,2,1,0,MID,Leicester,0,0.22994013503193855,1.9350024238228798,1.5369810461997986
293,3304,Maxime Le Marchand,2,118,0,0.009506329894065857,0,0,1,0,2,0,DEF,Fulham,0,0.009506329894065857,0.24691654741764069,0.24691654741764069
294,3420,Fabinho,5,373,0,0.12085939943790436,0,0,2,0,0,0,DEF,Liverpool,0,0.12085939943790436,0.8705474846065044,0.8517752103507519
295,3422,João Moutinho,5,419,0,0.06018335372209549,1,0.3433188833296299,2,9,0,0,MID,Wolverhampton Wanderers,0,0.06018335372209549,0.9331662990152836,0.7574445009231567
296,3428,Hélder Costa,5,269,0,0.21625680103898048,1,0.13886436820030212,3,1,0,0,MID,Leeds,0,0.21625680103898048,0.49137718603014946,0.17524980008602142
297,3491,Romain Saiss,5,450,0,1.0014709830284119,0,0.247324138879776,4,1,1,0,DEF,Wolverhampton Wanderers,0,1.0014709830284119,1.0878193750977516,1.0878193750977516
298,3585,Said Benrahma,5,196,0,0.10701654106378555,0,0.9810322374105453,3,3,0,0,MID,West Ham,0,0.10701654106378555,1.3155510649085045,0.2910439148545265
299,3635,Bernardo Silva,5,421,0,0.7656316682696342,1,1.0817981958389282,6,8,2,0,FWD,Manchester City,0,0.7656316682696342,3.9477520436048508,2.129704710096121
300,3683,Ivan Cavaleiro,5,299,0,0.37172548472881317,0,0.1034431979060173,4,1,0,0,FWD,Fulham,0,0.37172548472881317,0.5950137227773666,0.25290194898843765
301,3696,Morgan Sanson,5,251,0,0.011565255001187325,0,0.10845217108726501,1,1,2,0,MID,Aston Villa,0,0.011565255001187325,0.30181363597512245,0.19336146488785744
302,3979,Ahmed Hegazy,1,90,0,0,0,0,0,0,0,0,DEF,West Bromwich Albion,0,0,0.18402814865112305,0.18402814865112305
303,4381,Mateusz Klich,5,162,0,0.07314811460673809,0,0.0979450736194849,3,3,1,0,MID,Leeds,0,0.07314811460673809,0.7833032868802547,0.6592748407274485
304,4391,Darnell Furlong,5,450,0,0,1,0.312978096306324,0,3,2,0,DEF,West Bromwich Albion,0,0,1.0350051075220108,1.0350051075220108
305,4401,Emiliano Martinez,5,450,0,0,0,0,0,0,0,0,GK,Aston Villa,0,0,0.0877351351082325,0.0877351351082325
306,4490,Semi Ajayi,5,389,0,0.05897687375545502,0,0,1,0,0,1,DEF,West Bromwich Albion,0,0.05897687375545502,0.9166450202465057,0.9166450202465057
307,4764,Jean-Philippe Gbamin,1,9,0,0,0,0,0,0,0,0,FWD,Everton,0,0,0.0,0
308,4866,Aboubakar Kamara,5,65,0,0.01816658489406109,0,0.18611150234937668,1,3,0,0,FWD,Fulham,0,0.01816658489406109,0.25301547907292843,0.04873738810420036
309,4918,Patrick Cutrone,2,21,0,0.07145750522613525,0,0,1,0,0,0,FWD,Wolverhampton Wanderers,0,0.07145750522613525,0.07145750522613525,0
310,5061,Kepa,4,360,0,0,0,0,0,0,0,0,GK,Chelsea,0,0,0.13215267658233643,0.13215267658233643
311,5245,Bernardo,3,201,0,0.31766778230667114,0,0.17365065217018127,4,2,0,0,DEF,Brighton,0,0.31766778230667114,0.27330002188682556,0.09216472506523132
312,5247,Naby Keita,5,217,0,0.04716718941926956,0,0.7742168195545673,2,4,1,0,MID,Liverpool,0,0.04716718941926956,1.1607809029519558,0.36629562452435493
313,5256,Oliver Burke,5,211,0,0.8108830377459526,0,0,6,0,0,0,FWD,Sheffield United,0,0.8108830377459526,1.0778711661696434,0.26698813028633595
314,5264,Caglar Söyüncü,5,450,0,0.037243958562612534,0,0.04423747397959232,1,2,0,0,DEF,Leicester,0,0.037243958562612534,2.6046480424702168,2.6046480424702168
315,5274,Michael Hector,4,266,0,0.08639734238386154,0,0.019498158246278763,1,1,2,0,DEF,Fulham,0,0.08639734238386154,0.4653734043240547,0.44587526470422745
316,5545,Wilfred Ndidi,5,444,0,0.058564440347254276,2,0.43809887394309044,3,8,1,0,DEF,Leicester,0,0.058564440347254276,3.568489311262965,3.15006703697145
317,5552,Nick Pope,5,450,0,0,0,0.03647906333208084,0,1,1,0,GK,Burnley,0,0,0.051663463935256004,0.015184400603175163
318,5553,Declan Rice,5,450,0,0.19786949083209038,0,0.03431173786520958,4,1,0,0,MID,West Ham,0,0.19786949083209038,1.8200828433036804,1.7688831686973572
319,5556,Ademola Lookman,5,405,0,0.589702881872654,1,0.7784671038389206,8,9,1,0,FWD,Fulham,0,0.589702881872654,1.771680787205696,1.0460679084062576
320,5560,Scott McTominay,5,290,0,0.23333942145109177,0,0.479418495669961,4,3,1,0,MID,Manchester United,0,0.23333942145109177,1.3355394750833511,0.7497212439775467
321,5562,Rekeem Harper,2,27,0,0.029595350846648216,0,0,1,0,0,0,FWD,West Bromwich Albion,0,0.029595350846648216,0.038211461156606674,0.008616110309958458
322,5569,Rhian Brewster,5,210,0,0.23720191698521376,0,0.389585766941309,6,3,0,0,FWD,Sheffield United,0,0.23720191698521376,0.48349128663539886,0.06659408286213875
323,5584,Aaron Wan-Bissaka,5,450,0,0,0,0.24404693394899368,0,5,1,0,DEF,Manchester United,0,0,1.1687199100852013,1.0011808574199677
324,5587,Josh Maja,5,224,0,1.4519454091787338,0,0.5289062783122063,7,3,0,0,FWD,Fulham,0,1.4519454091787338,1.783191055059433,0.3573826774954796
325,5590,Tosin Adarabioyo,5,450,0,0.019765494391322136,0,0.07937344163656235,1,1,0,0,DEF,Fulham,0,0.019765494391322136,0.7386484500020742,0.7386484500020742
326,5595,Daniel James,5,300,0,0.18553722277283669,0,0.495757594704628,3,2,1,0,MID,Manchester United,0,0.18553722277283669,1.0016147568821907,0.3857521340250969
327,5603,Aaron Ramsdale,5,450,0,0,0,0,0,0,0,0,GK,Sheffield United,0,0,0.16725879348814487,0.16725879348814487
328,5609,Yves Bissouma,5,450,0,0.041183535009622574,0,0.01770659163594246,2,1,0,0,MID,Brighton,0,0.041183535009622574,0.6700186841189861,0.6111285351216793
329,5612,Anwar El Ghazi,5,272,0,0.6810016511008143,0,0.26577065140008926,11,4,0,0,FWD,Aston Villa,0,0.6810016511008143,1.2011587200686336,0.5576758626848459
330,5613,Gabriel,5,400,0,0.08097964525222778,0,0,1,0,1,0,DEF,Arsenal,0,0.08097964525222778,0.7288553155958652,0.7288553155958652
331,5681,Giovani Lo Celso,5,290,0,0,1,0.629024401307106,0,4,3,0,MID,Tottenham,0,0,0.9158394411206245,0.5182291641831398
332,5708,Fernando Marçal,5,298,0,0,0,0.045487720519304276,0,2,1,0,DEF,Wolverhampton Wanderers,0,0,0.6101822461932898,0.5866216234862804
333,5962,Tanguy NDombele Alvaro,5,403,0,0.013745012693107128,1,0.3612641766667366,1,2,0,0,MID,Tottenham,0,0.013745012693107128,2.3600386679172516,2.04391722753644
334,5973,Kenny Tete,5,374,0,0.06371387653052807,0,0.23966722935438156,2,5,1,0,DEF,Fulham,0,0.06371387653052807,0.7285332530736923,0.42515213787555695
335,6027,Jairo Riedewald,5,338,0,0.03500958904623985,0,0.017576491460204124,1,1,2,0,MID,Crystal Palace,0,0.03500958904623985,0.9540599621832371,0.9364834763109684
336,6042,Jan Bednarek,5,450,0,0,0,0.05210043489933014,0,1,0,0,DEF,Southampton,0,0,1.453587306663394,1.453587306663394
337,6044,Charlie Taylor,5,392,0,0.012190885841846466,0,0.14076189696788788,1,1,0,0,DEF,Burnley,0,0.012190885841846466,1.054932788014412,1.042741909623146
338,6049,Solly March,5,359,0,0.36132730171084404,0,0.3494302351027727,5,5,0,0,DEF,Brighton,0,0.36132730171084404,2.213877595961094,1.7718281224370003
339,6050,Davy Pröpper,5,93,0,0.014396610669791698,0,0,1,0,0,0,MID,Brighton,0,0.014396610669791698,0.0751536563038826,0.0751536563038826
340,6051,Dale Stephens,5,96,0,0.02883651852607727,0,0,1,0,1,0,MID,Burnley,0,0.02883651852607727,0.08621090650558472,0.057374387979507446
341,6054,Ederson,5,450,0,0,0,0,0,0,1,0,GK,Manchester City,0,0,0.3012239057570696,0.3012239057570696
342,6055,Phil Foden,5,145,0,0.4272652715444565,2,0.7241022102534771,5,5,0,0,FWD,Manchester City,0,0.4272652715444565,2.0720234736800194,1.1174985393881798
343,6062,Isaac Hayden,5,405,0,0.17567719146609306,0,0.03049762174487114,4,1,2,0,MID,Newcastle United,0,0.17567719146609306,1.4043675307184458,1.3603366781026125
344,6067,Terence Kongolo,1,90,0,0,0,0,0,0,0,0,DEF,Fulham,0,0,0.37357693910598755,0.37357693910598755
345,6080,Victor Lindelöf,5,450,0,0,0,0,0,0,0,0,DEF,Manchester United,0,0,0.8458643890917301,0.8458643890917301
346,6122,Douglas Luiz,5,438,0,0.0989850228652358,0,0.03452343959361315,2,2,2,0,MID,Aston Villa,0,0.0989850228652358,0.588865403085947,0.5767827890813351
347,6157,Timothy Castagne,5,450,0,0.11046452075242996,0,0.48067037388682365,1,3,0,0,DEF,Leicester,0,0.11046452075242996,2.3391138538718224,1.7479788847267628
348,6162,Cengiz Ünder,5,167,0,0.23100389260798693,0,0.24436436221003532,8,3,0,0,MID,Leicester,0,0.23100389260798693,0.5196161018684506,0.29489609599113464
349,6163,Nélson Semedo,5,446,0,0.14901815354824066,0,0.18395153433084488,2,4,0,0,DEF,Wolverhampton Wanderers,0,0.14901815354824066,0.6225769864395261,0.4496093960478902
350,6249,Davinson Sánchez,5,450,0,0.5310469269752502,0,0,1,0,1,0,DEF,Tottenham,0,0.5310469269752502,1.167557679116726,1.167557679116726
351,6273,Robin Koch,5,122,0,0,0,0,0,0,0,0,DEF,Leeds,0,0,0.08121263980865479,0.08121263980865479
352,6274,Andriy Yarmolenko,5,99,0,0.20371763408184052,1,0.6171963587403297,3,2,1,0,FWD,West Ham,0,0.20371763408184052,0.8470583260059357,0.5812878012657166
353,6350,Jayson Molumby,1,1,0,0,0,0,0,0,0,0,FWD,Brighton,0,0,0.0,0
354,6369,Ethan Ampadu,5,406,0,0,0,0.2902568280696869,0,2,1,0,DEF,Sheffield United,0,0,0.5849728360772133,0.5609528198838234
355,6377,Joe Rodon,5,450,0,0.018329372629523277,0,0,1,0,0,0,DEF,Tottenham,0,0.018329372629523277,0.9537493176758289,0.9537493176758289
356,6382,Pedro Neto,5,391,0,0.8730784431099892,1,0.7781427204608917,8,8,1,0,FWD,Wolverhampton Wanderers,0,0.8730784431099892,1.5937472060322762,0.3902207762002945
357,6418,Hamza Choudhury,5,172,0,0.41848134994506836,0,0,3,0,0,0,MID,Leicester,0,0.41848134994506836,0.5899535715579987,0.20776217430830002
358,6424,Ben Johnson,5,175,0,0,0,0,0,0,1,0,DEF,West Ham,0,0,0.6001082062721252,0.6001082062721252
359,6434,Franck Zambo,5,301,0,0.2385871261358261,0,0.20438353344798088,4,4,0,0,MID,Fulham,0,0.2385871261358261,0.8680434301495552,0.5722420439124107
360,6456,Callum Hudson-Odoi,5,232,0,0.3747713081538677,1,0.9045902490615845,6,7,0,0,DEF,Chelsea,0,0.3747713081538677,3.0229515433311462,2.449447423219681
361,6477,Cenk Tosun,5,37,0,0,0,0.07407927513122559,0,1,2,0,FWD,Everton,0,0,0.10806649923324585,0.033987220376729965
362,6482,Eddie Nketiah,5,159,0,0.17623091116547585,1,0.3894970417022705,4,2,0,0,FWD,Arsenal,0,0.17623091116547585,0.6623225454241037,0.14096207544207573
363,6492,Reiss Nelson,2,59,0,0.056917089968919754,0,0,1,0,0,0,FWD,Arsenal,0,0.056917089968919754,0.34803973510861397,0.2911226451396942
364,6504,Michael Obafemi,1,12,0,0,0,0,0,0,0,0,FWD,Southampton,0,0,0.06713031232357025,0.06713031232357025
365,6521,Yerry Mina,5,377,0,0.6466158106923103,0,0,4,0,1,0,DEF,Everton,0,0.6466158106923103,0.7295994311571121,0.6416313648223877
366,6532,Martin Dubravka,5,450,0,0,0,0,0,0,0,0,GK,Newcastle United,0,0,0.9008653471246362,0.9008653471246362
367,6651,Grady Diangana,5,307,0,0.41223641484975815,0,0,2,0,0,0,MID,West Bromwich Albion,0,0.41223641484975815,0.41223641484975815,0
368,6674,Rayan Ait Nouri,5,238,0,0.043353788554668427,0,0.033809058368206024,1,1,0,0,DEF,Wolverhampton Wanderers,0,0.043353788554668427,0.8863893449306488,0.8430355489253998
369,6736,Ibrahima Diallo,5,354,0,0.047971490770578384,0,0.13481357879936695,2,5,0,0,MID,Southampton,0,0.047971490770578384,1.9570174366235733,1.8478886187076569
370,6817,Fred,5,434,0,0.07053923979401588,0,0.07030423916876316,4,3,1,0,MID,Manchester United,0,0.07053923979401588,1.789416778832674,1.6754988506436348
371,6822,Lee Peltier,4,230,0,0,0,0.022321734577417374,0,1,1,0,DEF,West Bromwich Albion,0,0,0.17831582203507423,0.15599408745765686
372,6827,Bobby Reid,5,337,0,0.20748712122440338,0,0.1566928494721651,5,2,1,0,MID,Fulham,0,0.20748712122440338,0.7562029585242271,0.4127686358988285
373,6834,Joe Bryan,5,119,0,0.04959680885076523,0,0,1,0,1,0,DEF,Fulham,0,0.04959680885076523,0.4161175787448883,0.3665207624435425
374,6835,Tom Cairney,5,312,0,0.4093381501734257,1,0.7068805694580078,7,6,0,0,MID,Fulham,0,0.4093381501734257,1.7703516781330109,1.3643814455717802
375,6840,Neeskens Kebano,5,112,0,0.2724298546090722,0,0,6,0,0,0,MID,Fulham,0,0.2724298546090722,0.24167165253311396,0.020527511835098267
376,6842,Alireza Jahanbakhsh,5,86,0,0.27103401720523834,0,0,3,0,1,0,FWD,Brighton,0,0.27103401720523834,0.29116615653038025,0.020132137462496758
377,6843,David Button,1,90,0,0,0,0,0,0,0,0,GK,West Bromwich Albion,0,0,0.0,0
378,6849,Rui Patrício,5,450,0,0,0,0,0,0,0,0,GK,Wolverhampton Wanderers,0,0,0.2641300559043884,0.2641300559043884
379,6852,Matt Doherty,5,318,0,0,1,0.1512022465467453,0,4,1,0,DEF,Tottenham,0,0,1.3739412128925323,1.2733453288674355
380,6853,Rúben Neves,5,438,0,0.23191551491618156,0,0.09663402289152145,6,3,2,0,MID,Wolverhampton Wanderers,0,0.23191551491618156,1.0373167768120766,0.9187884703278542
381,6856,Rúben Vinagre,2,173,0,0,0,0,0,0,0,0,DEF,Wolverhampton Wanderers,0,0,0.17874661833047867,0.17874661833047867
382,6857,Morgan Gibbs-White,5,112,0,0,0,0.052407797425985336,0,3,0,0,FWD,Wolverhampton Wanderers,0,0,0.2542202062904835,0.2324799932539463
383,6875,Rúnar Alex Rúnarsson,1,11,0,0,0,0,0,0,0,0,FWD,Arsenal,0,0,0.0,0
384,6880,Edouard Mendy,5,450,0,0,0,0,0,0,0,0,GK,Chelsea,0,0,0.9258870333433151,0.9258870333433151
385,6892,Fabián Balbuena,5,450,0,0.8627898991107941,0,0,3,0,0,0,DEF,West Ham,0,0.8627898991107941,0.9709234572947025,0.7484285123646259
386,6923,Mohammed Salisu,5,342,0,0.04921833425760269,0,0.05022008344531059,2,1,0,0,DEF,Southampton,0,0.04921833425760269,0.8518767468631268,0.8016566634178162
387,6932,Okay Yokuslu,5,450,0,0.19923912174999714,0,0.19023720733821392,5,4,1,0,MID,West Bromwich Albion,0,0.19923912174999714,0.3397416677325964,0.19370423816144466
388,6962,Robin Olsen,5,450,0,0,0,0,0,0,1,0,GK,Everton,0,0,0.8195910453796387,0.8195910453796387
389,7063,Bernard,5,220,0,0.11741003952920437,0,0.18002145364880562,4,3,1,0,MID,Everton,0,0.11741003952920437,0.5907768551260233,0.32948536332696676
390,7077,Denis Odoi,3,270,0,0.04002567008137703,0,0.050192393362522125,2,1,1,0,DEF,Fulham,0,0.04002567008137703,0.4257061406970024,0.3856804743409157
391,7078,Sean Longstaff,5,368,0,0.19529767334461212,1,0.5760823450982571,5,2,0,0,MID,Newcastle United,0,0.19529767334461212,1.6598056852817535,1.0047329664230347
392,7184,Tim Ream,5,450,0,0,0,0,0,0,0,0,DEF,Fulham,0,0,0.6187397316098213,0.6187397316098213
393,7187,Sergio Reguilón,5,418,0,0.27260657772421837,0,0.1579407975077629,4,3,1,0,DEF,Tottenham,0,0.27260657772421837,2.427720285952091,2.0482224859297276
394,7230,Emile Smith-Rowe,5,214,0,0.06777658313512802,1,1.2945639546960592,2,7,0,0,MID,Arsenal,0,0.06777658313512802,2.3019909895956516,1.0178165473043919
395,7280,Yan Valery,3,95,0,0.2929137125611305,0,0.09160998463630676,2,1,0,0,DEF,Southampton,0,0.2929137125611305,0.47032806277275085,0.17741435766220093
396,7298,Ben White,5,448,0,0.050210461020469666,0,0,1,0,1,0,DEF,Brighton,0,0.050210461020469666,0.922149907797575,0.922149907797575
397,7322,Bukayo Saka,5,394,0,1.2418820802122355,0,0.4890617709606886,10,3,1,0,MID,Arsenal,0,1.2418820802122355,3.3349500596523285,2.0829064399003983
398,7326,Kayne Ramsay,1,90,0,0,0,0,0,0,1,0,DEF,Southampton,0,0,0.016576746478676796,0.016576746478676796
399,7332,Max Kilman,5,361,0,0.11496896669268608,0,0.15352608263492584,2,2,2,0,DEF,Wolverhampton Wanderers,0,0.11496896669268608,1.1801370829343796,1.091934010386467
400,7376,Ozan Kabak,5,447,0,0.08602816611528397,0,0,1,0,0,0,DEF,Liverpool,0,0.08602816611528397,1.056589100509882,1.056589100509882
401,7382,Dan Burn,5,408,0,0.2354160100221634,0,0.6687501966953278,4,5,1,0,DEF,Brighton,0,0.2354160100221634,1.6307311356067657,1.4338400959968567
402,7383,Josh Benson,5,167,0,0,0,0,0,0,0,0,MID,Burnley,0,0,0.035705793648958206,0.035705793648958206
403,7390,Karlan Grant,5,230,0,0.031892742961645126,0,0,1,0,0,0,MID,West Bromwich Albion,0,0.031892742961645126,0.2573847584426403,0.22549201548099518
404,7420,Miguel Almirón,5,390,0,1.3503318894654512,0,0.205145001411438,6,3,1,0,FWD,Newcastle United,0,1.3503318894654512,1.711663894355297,0.15618700068444014
405,7589,Wesley Fofana,5,376,0,0.13055987656116486,0,0.06783457286655903,1,2,1,0,DEF,Leicester,0,0.13055987656116486,2.6385650485754013,2.6218142360448837
406,7689,Ben Godfrey,5,372,0,0.10408477485179901,0,0,2,0,0,0,DEF,Everton,0,0.10408477485179901,1.6159506067633629,1.5975094363093376
407,7691,Jamal Lewis,5,450,0,0.03883187100291252,0,0.1361798495054245,1,3,0,0,DEF,Newcastle United,0,0.03883187100291252,1.8215788267552853,1.732126023620367
408,7699,Adam Webster,5,436,0,0.12483005784451962,0,0.02868603728711605,4,1,1,0,DEF,Brighton,0,0.12483005784451962,1.2598363514989614,1.2007863745093346
409,7701,Moussa Djenepo,5,161,0,0.24892684817314148,0,0,3,0,0,0,MID,Southampton,0,0.24892684817314148,0.1906174272298813,0.010723380371928215
410,7702,Dean Henderson,5,450,0,0,0,0,0,0,2,0,GK,Manchester United,0,0,0.49706461653113365,0.49706461653113365
411,7703,John Egan,5,367,0,0,1,0.49005675315856934,0,1,1,0,DEF,Sheffield United,0,0,0.860852126032114,0.3707953728735447
412,7704,Chris Basham,5,412,0,0.0202868040651083,1,0.10117251425981522,1,2,2,0,DEF,Sheffield United,0,0.0202868040651083,1.1372401416301727,1.036067634820938
413,7705,Jack O&#039;Connell,2,180,0,0,0,0,0,0,0,0,DEF,Sheffield United,0,0,0.0,0
414,7706,George Baldock,5,404,0,0.05033960938453674,1,0.40823328495025635,1,1,0,0,DEF,Sheffield United,0,0.05033960938453674,0.6861081346869469,0.22753522545099258
415,7707,Enda Stevens,5,450,0,0.11059516668319702,0,0.26027417182922363,3,4,0,0,DEF,Sheffield United,0,0.11059516668319702,0.5889763608574867,0.423185670748353
416,7708,John Lundstram,5,450,0,0.016641775146126747,0,0.0649862140417099,1,1,2,0,MID,Sheffield United,0,0.016641775146126747,0.864749550819397,0.8481077775359154
417,7709,John Fleck,5,440,0,0.04666147753596306,0,0.5148608461022377,2,4,1,0,MID,Sheffield United,0,0.04666147753596306,0.5993008017539978,0.5045752841979265
418,7710,Oliver Norwood,5,377,0,0.0621035061776638,0,0.4070556312799454,4,4,0,0,MID,Sheffield United,0,0.0621035061776638,0.5877288728952408,0.2523072697222233
419,7712,Billy Sharp,5,300,0,0,0,0.5019669532775879,0,2,0,0,FWD,Sheffield United,0,0,1.0923299193382263,0.5903629660606384
420,7723,John McGinn,5,450,0,0.15166236832737923,1,0.3324569333344698,7,8,2,0,MID,Aston Villa,0,0.15166236832737923,0.8952993974089622,0.5074058473110199
421,7726,Ezri Konsa Ngoyo,5,450,0,1.1832198984920979,0,0,5,0,1,0,DEF,Aston Villa,0,1.1832198984920979,0.9695774726569653,0.9695774726569653
422,7752,Gabriel Martinelli,5,138,0,0.10044978559017181,0,0.01862845942378044,2,1,0,0,MID,Arsenal,0,0.10044978559017181,0.8990999460220337,0.7800216972827911
423,7817,Zack Steffen,1,90,0,0,0,0,0,0,0,0,GK,Manchester City,0,0,0.34973475337028503,0.34973475337028503
424,7904,Caoimhin Kelleher,2,180,0,0,0,0,0,0,0,0,GK,Liverpool,0,0,0.44792696833610535,0.44792696833610535
425,7983,Daniel N&#039;Lundulu,5,32,0,0,0,0,0,0,0,0,FWD,Southampton,0,0,0.0,0
426,7988,Billy Gilmour,2,29,0,0,0,0,0,0,0,0,FWD,Chelsea,0,0,0.17623157054185867,0.17623157054185867
427,8016,Matthew Longstaff,5,376,0,0,0,0.3137078955769539,0,2,0,0,MID,Newcastle United,0,0,0.4224841073155403,0.10877621918916702
428,8040,Marvelous Nakamba,5,321,0,0,0,0.03796984627842903,0,1,1,0,MID,Aston Villa,0,0,0.33775280602276325,0.2997829560190439
429,8045,Eric Garcia,4,212,0,0.013568151742219925,0,0.008322987705469131,1,1,0,0,DEF,Manchester City,0,0.013568151742219925,0.4251762852072716,0.41160812228918076
430,8067,Reece James,5,304,0,0.260943166911602,0,0.5156870260834694,5,8,0,0,DEF,Chelsea,0,0.260943166911602,1.753652162849903,1.3472974291071296
431,8075,Brandon Williams,2,5,0,0,0,0,0,0,0,0,FWD,Manchester United,0,0,0.0,0
432,8089,Kieran Tierney,5,405,0,0.07816032320261002,1,0.5530387237668037,4,5,1,0,DEF,Arsenal,0,0.07816032320261002,1.9688419252634048,1.3551311567425728
433,8109,Niels Nkounkou,1,70,0,0.016959821805357933,0,0,1,0,1,0,DEF,Everton,0,0.016959821805357933,0.030957642942667007,0.013997821137309074
434,8150,Anthony Gordon,3,87,0,0,0,0.01913999207317829,0,1,0,0,MID,Everton,0,0,0.18850479647517204,0.18850479647517204
435,8180,Owen Otasowie,5,113,0,0.6085600210353732,1,0.38876858353614807,2,2,1,0,MID,Wolverhampton Wanderers,0,0.6085600210353732,1.2459713136777282,0.30153314489871264
436,8204,Neco Williams,5,251,0,0.08622520789504051,0,0.19339871406555176,2,3,1,0,DEF,Liverpool,0,0.08622520789504051,1.0746421925723553,0.7950182408094406
437,8214,Tyrick Mitchell,5,450,0,0,0,0.12760210037231445,0,2,0,0,DEF,Crystal Palace,0,0,0.36719756200909615,0.33221377804875374
438,8222,Japhet Tanganga,4,319,0,0.14991092681884766,0,0.5815756916999817,1,1,1,0,DEF,Tottenham,0,0.14991092681884766,1.0806656517088413,0.49908996000885963
439,8224,William Smallbone,3,174,0,0.046092383563518524,0,0,1,0,0,0,MID,Southampton,0,0.046092383563518524,0.18661439046263695,0.14052199944853783
440,8227,Oskar Buur,1,20,0,0,0,0,0,0,0,0,FWD,Wolverhampton Wanderers,0,0,0.0,0
441,8228,Nathaniel Phillips,5,450,0,0.1504092700779438,0,0.20302194729447365,4,4,0,0,DEF,Liverpool,0,0.1504092700779438,1.2662276849150658,1.12270737439394
442,8285,Sander Berge,5,371,0,0.176581010222435,0,0.6900230310857296,3,4,1,0,MID,Sheffield United,0,0.176581010222435,1.9131972268223763,1.726163811981678
443,8286,Jack Robinson,5,357,0,0.046713896095752716,0,0,1,0,2,0,DEF,Sheffield United,0,0.046713896095752716,0.6034586783498526,0.6034586783498526
444,8291,Daniel Podence,5,338,0,0.18036292493343353,0,0.5848418101668358,3,5,0,0,MID,Wolverhampton Wanderers,0,0.18036292493343353,0.7952430434525013,0.13381102308630943
445,8300,Steven Bergwijn,5,284,0,0.04362266883254051,1,0.11862735264003277,1,3,1,0,FWD,Tottenham,0,0.04362266883254051,0.3534996621310711,0.19124964252114296
446,8323,Josh Brownhill,5,450,0,0.36329757422208786,0,0.025107726454734802,6,1,1,0,MID,Burnley,0,0.36329757422208786,1.1579384356737137,0.9863214045763016
447,8351,Ki-Jana Hoever,5,204,0,0.057456035166978836,0,0,1,0,0,0,DEF,Wolverhampton Wanderers,0,0.057456035166978836,0.6094706356525421,0.5520145893096924
448,8366,João Virgínia,1,48,0,0,0,0,0,0,0,0,FWD,Everton,0,0,0.0,0
449,8379,Alexis Mac Allister,5,218,0,0.11914324760437012,0,0.12728745117783546,2,2,0,0,MID,Brighton,0,0.11914324760437012,0.5061354376375675,0.3043639361858368
450,8380,Pablo Marí,5,450,0,0.014236511662602425,0,0,1,0,0,0,DEF,Arsenal,0,0.014236511662602425,1.5125057473778725,1.4982692375779152
451,8456,Nathan Tella,5,276,0,0.6691648997366428,0,0,7,0,2,0,FWD,Southampton,0,0.6691648997366428,0.6525734663009644,0.06498685479164124
452,8482,Bailey Peacock-Farrell,2,180,0,0,0,0,0,0,0,0,GK,Burnley,0,0,0.007730923593044281,0.007730923593044281
453,8493,Jake Vokins,1,69,0,0,0,0.03704096004366875,0,1,0,0,DEF,Southampton,0,0,0.17254392802715302,0.13550297915935516
454,8511,Alexandre Jankewitz,2,2,0,0,0,0,0,0,0,1,MID,Southampton,0,0,0.09200882166624069,0.09200882166624069
455,8562,Luke Thomas,5,326,0,0.03152850642800331,0,0.08139172196388245,1,2,1,0,DEF,Leicester,0,0.03152850642800331,0.19512943923473358,0.1482851356267929
456,8566,Joel Mumbongo,4,33,0,0,0,0,0,0,1,0,FWD,Burnley,0,0,0.0,0
457,8704,Marek Rodák,1,90,0,0,0,0,0,0,0,0,GK,Fulham,0,0,0.020527511835098267,0.020527511835098267
458,8706,Eberechi Eze,5,358,0,0.11573956720530987,0,0.030887801200151443,3,1,1,0,MID,Crystal Palace,0,0.11573956720530987,0.7777615636587143,0.6311341822147369
459,8715,Illan Meslier,5,450,0,0,0,0,0,0,0,0,GK,Leeds,0,0,0.7662864103913307,0.7662864103913307
460,8716,Luke Ayling,5,450,0,0.08988037891685963,0,0.3125711977481842,2,1,0,0,DEF,Leeds,0,0.08988037891685963,0.8625148981809616,0.5499437153339386
461,8717,Pascal Struijk,5,367,0,0,0,0,0,0,0,0,DEF,Leeds,0,0,0.39818018674850464,0.39818018674850464
462,8719,Kalvin Phillips,5,450,0,0.11320053692907095,0,0.11414430104196072,5,3,2,0,MID,Leeds,0,0.11320053692907095,0.9813272804021835,0.8525370061397552
463,8721,Jamie Shackleton,5,183,0,0,0,0,0,0,0,0,DEF,Leeds,0,0,0.5828601270914078,0.5828601270914078
464,8722,Ezgjan Alioski,5,402,0,0.37022972479462624,1,0.401132695376873,8,5,2,0,DEF,Leeds,0,0.37022972479462624,2.021908238530159,1.6276418417692184
465,8723,Ian Poveda-Ocampo,5,93,0,0.051698826253414154,0,0.5177744030952454,1,1,0,0,FWD,Leeds,0,0.051698826253414154,0.5694732293486595,0
466,8756,Dara O&#039;Shea,5,383,0,0.013143062591552734,0,0.015654180198907852,1,1,1,0,DEF,West Bromwich Albion,0,0.013143062591552734,0.08576257899403572,0.07010839879512787
467,8757,Romaine Sawyers,5,439,0,0.06684418767690659,0,0.052263520658016205,1,1,0,0,MID,West Bromwich Albion,0,0.06684418767690659,0.7360402271151543,0.6169325187802315
468,8758,Kyle Edwards,5,110,0,0.11881578713655472,0,0.021378837525844574,2,1,0,0,MID,West Bromwich Albion,0,0.11881578713655472,0.19228214025497437,0.05208751931786537
469,8777,Vitinha,5,129,0,0.49537767469882965,0,0.07456832099705935,2,3,0,0,MID,Wolverhampton Wanderers,0,0.49537767469882965,0.7239314150065184,0.5878304494544864
470,8780,Joël Veltman,5,450,0,0.5501790530979633,1,0.09319101087749004,4,2,0,0,DEF,Brighton,0,0.5501790530979633,1.5556683503091335,1.3735967837274075
471,8816,Liam Cooper,5,405,0,0.08779171109199524,0,0,1,0,0,1,DEF,Leeds,0,0.08779171109199524,0.6353477984666824,0.6353477984666824
472,8821,Donny van de Beek,5,78,0,0,0,0.07782212644815445,0,1,1,0,FWD,Manchester United,0,0,0.5799403563141823,0.5021182298660278
473,8852,Konstantinos Tsimikas,1,3,0,0,0,0,0,0,0,0,FWD,Liverpool,0,0,0.0,0
474,8864,Matthew Cash,5,422,0,0.03854668792337179,0,0.15989679098129272,2,2,1,0,DEF,Aston Villa,0,0.03854668792337179,0.2854564040899277,0.24690971709787846
475,8868,Liam Delap,1,39,0,0.06408517062664032,0,0,1,0,0,0,FWD,Manchester City,0,0.06408517062664032,0.06408517062664032,0
476,8905,Conor Townsend,5,450,0,0.2324403077363968,0,1.0463223978877068,3,7,0,0,DEF,West Bromwich Albion,0,0.2324403077363968,1.9028106927871704,0.9122374951839447
477,8918,Max Lowe,5,365,0,0.06381101161241531,0,0.18749843537807465,1,2,1,0,DEF,Sheffield United,0,0.06381101161241531,0.8289233297109604,0.577613890171051
478,8919,Leif Davis,2,28,0,0,0,0,0,0,0,0,FWD,Leeds,0,0,0.2329990118741989,0.2329990118741989
479,8940,Antonee Robinson,5,272,0,0.0948588140308857,0,0.27109795808792114,2,2,0,0,DEF,Fulham,0,0.0948588140308857,1.3512195218354464,1.255396531894803
480,8941,Jacob Ramsey,5,150,0,0,0,0.04240034520626068,0,2,0,0,MID,Aston Villa,0,0,1.4343099743127823,1.3919096291065216
481,8961,Rúben Dias,5,436,0,0,0,0.022402463480830193,0,1,0,0,DEF,Manchester City,0,0,3.1915913075208664,3.1915913075208664
482,8965,Vladimir Coufal,5,450,0,0.01709800399839878,1,1.172072984278202,1,6,1,0,DEF,West Ham,0,0.01709800399839878,2.4464901462197304,1.7252855747938156
483,8966,Filip Krovinovic,5,169,0,0.06643286533653736,0,0.09592137485742569,3,2,0,0,MID,West Bromwich Albion,0,0.06643286533653736,0.2704909723252058,0.20405811071395874
484,8992,Hakim Ziyech,5,255,0,0.3782655633985996,0,0.7897643446922302,6,9,0,0,MID,Chelsea,0,0.3782655633985996,1.8938334807753563,1.0820059292018414
485,9040,Conor Gallagher,5,439,0,0.24569879099726677,1,0.619983434677124,6,6,0,0,MID,West Bromwich Albion,0,0.24569879099726677,1.2705134004354477,0.6878135465085506
486,9082,Lewis Richardson,2,2,0,0,0,0,0,0,0,0,FWD,Burnley,0,0,0.0,0
487,9086,Rhys Williams,4,212,0,0.05132218077778816,0,0.11884616315364838,1,1,0,0,DEF,Liverpool,0,0.05132218077778816,0.5847888290882111,0.4659426510334015
488,9098,Robert Sánchez,5,450,0,0,0,0,0,0,0,0,GK,Brighton,0,0,0.8495124131441116,0.8495124131441116
489,9099,Andi Zeqiri,5,86,0,0.8320565894246101,0,0,4,0,0,0,FWD,Brighton,0,0.8320565894246101,0.5547419413924217,0.372782438993454
490,9154,Elliot Anderson,1,3,0,0,0,0,0,0,0,0,FWD,Newcastle United,0,0,0.0,0
491,9163,Kean Bryan,5,450,0,0.37826551124453545,0,0.6253528371453285,2,2,1,0,DEF,Sheffield United,0,0.37826551124453545,0.5608153976500034,0.5608153976500034
492,9205,Jayden Bogle,5,356,0,0.6801169365644455,0,0,3,0,1,0,DEF,Sheffield United,0,0.6801169365644455,0.5559463053941727,0.4791618511080742
493,9219,Niall Huggins,1,35,0,0,0,0,0,0,0,0,FWD,Leeds,0,0,0.42923617362976074,0.42923617362976074
494,9222,Antwoine Hackford,1,4,0,0.1034446656703949,0,0,1,0,0,0,FWD,Sheffield United,0,0.1034446656703949,0.11183098703622818,0.008386322297155857
495,9249,Percy Tau,2,84,0,0,0,0.033057164400815964,0,1,0,0,MID,Brighton,0,0,0.10821081697940826,0.0751536563038826
496,9250,Reda Khadra,1,3,0,0,0,0,0,0,0,0,FWD,Brighton,0,0,0.0,0
497,9256,Caleb Watts,3,30,0,0,0,0,0,0,1,0,FWD,Southampton,0,0,0.0,0
498,9257,Allan Tchaptchet,1,10,0,0,0,0,0,0,0,0,FWD,Southampton,0,0,0.0,0
499,9284,Jakub Moder,4,183,0,0.5202403254806995,0,0,5,0,0,0,MID,Brighton,0,0.5202403254806995,0.47510864213109016,0.3231346011161804
500,9307,Iliman Ndiaye,1,10,0,0,0,0,0,0,0,0,FWD,Sheffield United,0,0,0.0,0
501,9311,Thakgalo Leshabela,1,8,0,0,0,0,0,0,0,0,FWD,Leicester,0,0,1.0024657249450684,1.0024657249450684
502,9332,Dane Scarlett,1,1,0,0,0,0,0,0,0,0,FWD,Tottenham,0,0,0.0,0
503,9359,Shola Shoretire,1,1,0,0,0,0,0,0,0,0,FWD,Manchester United,0,0,0.0,0
504,9395,Sidnei Tavares,2,84,0,0.02079845406115055,0,0,1,0,0,0,MID,Leicester,0,0.02079845406115055,0.02079845406115055,0
